Standard_Form_ID,Standard_Form,Production,Vessel,Lower_Date_Form,Upper_Date_Form,Period
1,Consp1.1,Terra_Sigillata,Plate,-40,-10,Imperial
2,Consp2.1,Terra_Sigillata,Plate,-40,-10,Imperial
3,Consp2/11,Terra_Sigillata,Plate,-40,-1,Imperial
4,Consp3,Terra_Sigillata,Plate,50,125,Imperial
5,Consp3.1,Terra_Sigillata,Plate,50,100,Imperial
6,Consp3.1.2,Terra_Sigillata,Plate,50,100,Imperial
7,Consp3.2,Terra_Sigillata,Plate,50,100,Imperial
8,Consp3.2.1,Terra_Sigillata,Plate,50,100,Imperial
9,Consp3.2.2,Terra_Sigillata,Plate,50,100,Imperial
10,Consp3.3,Terra_Sigillata,Plate,50,125,Imperial
11,Consp4,Terra_Sigillata,Plate,-40,54,Imperial
12,Consp4.3,Terra_Sigillata,Plate,-10,14,Imperial
13,Consp4.3-4,Terra_Sigillata,Plate,-10,14,Imperial
14,Consp4.4,Terra_Sigillata,Plate,-10,14,Imperial
15,Consp4.4.2,Terra_Sigillata,Plate,-10,14,Imperial
16,Consp4.5,Terra_Sigillata,Plate,1,14,Imperial
17,Consp4.5.1,Terra_Sigillata,Plate,1,14,Imperial
18,Consp4.6,Terra_Sigillata,Plate,14,54,Imperial
19,Consp4.6.1,Terra_Sigillata,Plate,14,54,Imperial
20,Consp4.7,Terra_Sigillata,Plate,14,54,Imperial
21,Consp4.7.1,Terra_Sigillata,Plate,14,54,Imperial
22,Consp5.3,Terra_Sigillata,Plate,-27,10,Imperial
23,Consp6.1,Terra_Sigillata,Plate,1,37,Imperial
24,Consp6.1.1,Terra_Sigillata,Plate,1,37,Imperial
25,Consp6.2,Terra_Sigillata,Plate,25,50,Imperial
26,Consp7,Terra_Sigillata,Cup/Bowl,-10,14,Imperial
27,Consp7.1,Terra_Sigillata,Cup/Bowl,-10,14,Imperial
28,Consp8,Terra_Sigillata,Cup/Bowl,-27,10,Imperial
29,Consp8.1.3,Terra_Sigillata,Cup/Bowl,-10,10,Imperial
30,Consp9,Terra_Sigillata,Cup,-10,37,Imperial
31,Consp10.1,Terra_Sigillata,Plate,-27,-1,Imperial
32,Consp11,Terra_Sigillata,Plate,-10,-1,Imperial
33,Consp11.1,Terra_Sigillata,Plate,-10,-1,Imperial
34,Consp11.1.4,Terra_Sigillata,Plate,-10,-1,Imperial
35,Consp12,Terra_Sigillata,Plate,-10,14,Imperial
36,Consp12.1,Terra_Sigillata,Plate,-10,-1,Imperial
37,Consp12.1.1,Terra_Sigillata,Plate,-10,-1,Imperial
38,Consp12.1-2,Terra_Sigillata,Plate,-10,14,Imperial
39,Consp12.1-3,Terra_Sigillata,Plate,-10,14,Imperial
40,Consp12.2,Terra_Sigillata,Plate,-10,14,Imperial
41,Consp12.2.1,Terra_Sigillata,Plate,-10,14,Imperial
42,Consp12.3,Terra_Sigillata,Plate,-10,14,Imperial
43,Consp12.3.1,Terra_Sigillata,Plate,-10,14,Imperial
44,Consp12.3.2,Terra_Sigillata,Plate,-10,14,Imperial
45,Consp12.3-4,Terra_Sigillata,Plate,-10,14,Imperial
46,Consp12.4,Terra_Sigillata,Plate,1,14,Imperial
47,Consp12.5,Terra_Sigillata,Plate,1,14,Imperial
48,Consp12.5.2,Terra_Sigillata,Plate,1,14,Imperial
49,Consp13,Terra_Sigillata,Cup,-10,-1,Imperial
50,Consp13.1,Terra_Sigillata,Cup,-10,-1,Imperial
51,Consp13.2,Terra_Sigillata,Cup,-10,-1,Imperial
52,Consp13.3,Terra_Sigillata,Cup,-10,-1,Imperial
53,Consp14,Terra_Sigillata,Cup,-10,14,Imperial
54,Consp14.1,Terra_Sigillata,Cup,-10,-1,Imperial
55,Consp14.1.1,Terra_Sigillata,Cup,-10,-1,Imperial
56,Consp14.2,Terra_Sigillata,Cup,-10,14,Imperial
57,Consp14.2.2,Terra_Sigillata,Cup,-10,14,Imperial
58,Consp14.2.3,Terra_Sigillata,Cup,-10,14,Imperial
59,Consp14.3.1,Terra_Sigillata,Cup,1,14,Imperial
60,Consp14.4,Terra_Sigillata,Cup,-10,14,Imperial
61,Consp15,Terra_Sigillata,Cup,-10,14,Imperial
62,Consp15.1,Terra_Sigillata,Cup,-10,14,Imperial
63,Consp17,Terra_Sigillata,Cup,-20,37,Imperial
64,Consp18,Terra_Sigillata,Plate,-10,37,Imperial
65,Consp18.1,Terra_Sigillata,Plate,-10,37,Imperial
66,Consp18.1.1,Terra_Sigillata,Plate,-10,37,Imperial
67,Consp18.1.2,Terra_Sigillata,Plate,-10,37,Imperial
68,Consp18.2.3,Terra_Sigillata,Plate,-10,37,Imperial
69,Consp18.2.4,Terra_Sigillata,Plate,-10,37,Imperial
70,Consp18.3,Terra_Sigillata,Plate,-10,37,Imperial
71,Consp19,Terra_Sigillata,Plate,1,37,Imperial
72,Consp19.2,Terra_Sigillata,Plate,1,37,Imperial
73,Consp19.2.1,Terra_Sigillata,Plate,1,37,Imperial
74,Consp19.3,Terra_Sigillata,Plate,1,37,Imperial
75,Consp19.3.2,Terra_Sigillata,Plate,1,37,Imperial
76,Consp20,Terra_Sigillata,Plate,-27,96,Imperial
77,Consp20.1,Terra_Sigillata,Plate,-27,45,Imperial
78,Consp20.1.2,Terra_Sigillata,Plate,-27,45,Imperial
79,Consp20.2,Terra_Sigillata,Plate,1,50,Imperial
80,Consp20.3,Terra_Sigillata,Plate,1,30,Imperial
81,Consp20.3.1,Terra_Sigillata,Plate,1,30,Imperial
82,Consp20.3.2,Terra_Sigillata,Plate,1,30,Imperial
83,Consp20.4,Terra_Sigillata,Plate,25,96,Imperial
84,Consp20.4.1,Terra_Sigillata,Plate,25,96,Imperial
85,Consp20.4.2,Terra_Sigillata,Plate,25,96,Imperial
86,Consp20.4.3,Terra_Sigillata,Plate,25,96,Imperial
87,Consp20.4.4,Terra_Sigillata,Plate,25,96,Imperial
88,Consp20.5,Terra_Sigillata,Plate,1,50,Imperial
89,Consp20.5.1,Terra_Sigillata,Plate,1,50,Imperial
90,Consp20.5.2,Terra_Sigillata,Plate,1,50,Imperial
91,Consp21,Terra_Sigillata,Plate,-27,100,Imperial
92,Consp21.1.2,Terra_Sigillata,Plate,-27,37,Imperial
93,Consp21.2,Terra_Sigillata,Plate,1,37,Imperial
94,Consp21.3,Terra_Sigillata,Plate,30,60,Imperial
95,Consp21.4,Terra_Sigillata,Plate,30,60,Imperial
96,Consp21.6,Terra_Sigillata,Plate,50,75,Imperial
97,Consp21.7,Terra_Sigillata,Plate,60,100,Imperial
98,Consp22,Terra_Sigillata,Cup,-20,37,Imperial
99,Consp22.1,Terra_Sigillata,Cup,-20,14,Imperial
100,Consp22.2,Terra_Sigillata,Cup,-20,14,Imperial
101,Consp22.3.1,Terra_Sigillata,Cup,-10,14,Imperial
102,Consp22.4,Terra_Sigillata,Cup,1,14,Imperial
103,Consp22.5,Terra_Sigillata,Cup,10,37,Imperial
104,Consp22.6,Terra_Sigillata,Cup,10,37,Imperial
105,Consp22-23,Terra_Sigillata,Cup,-20,75,Imperial
106,Consp23,Terra_Sigillata,Cup,25,75,Imperial
107,Consp23.1,Terra_Sigillata,Cup,25,75,Imperial
108,Consp23.2,Terra_Sigillata,Cup,25,75,Imperial
109,Consp23/34,Terra_Sigillata,Cup,25,96,Imperial
110,Consp24.1,Terra_Sigillata,Cup,-10,75,Imperial
111,Consp24.2,Terra_Sigillata,Cup,-10,75,Imperial
112,Consp24.3,Terra_Sigillata,Cup,-10,75,Imperial
113,Consp24.4,Terra_Sigillata,Cup,-10,75,Imperial
114,Consp25,Terra_Sigillata,Cup,-27,37,Imperial
115,Consp25.1,Terra_Sigillata,Cup,-27,37,Imperial
116,Consp25.2,Terra_Sigillata,Cup,-27,37,Imperial
117,Consp26,Terra_Sigillata,Cup,1,50,Imperial
118,Consp26.1,Terra_Sigillata,Cup,1,50,Imperial
119,Consp26.2,Terra_Sigillata,Cup,1,50,Imperial
120,Consp26.3,Terra_Sigillata,Cup,1,50,Imperial
121,Consp26.4,Terra_Sigillata,Cup,1,50,Imperial
122,Consp26/27,Terra_Sigillata,Cup,1,68,Imperial
123,Consp26/28,Terra_Sigillata,Cup,1,50,Imperial
124,Consp27,Terra_Sigillata,Cup,14,68,Imperial
125,Consp27.1,Terra_Sigillata,Cup,14,68,Imperial
126,Consp27.2,Terra_Sigillata,Cup,14,68,Imperial
127,Consp28,Terra_Sigillata,Cup,1,50,Imperial
128,Consp29,Terra_Sigillata,Cup,14,96,Imperial
129,Consp29.1,Terra_Sigillata,Cup,14,96,Imperial
130,Consp30.1,Terra_Sigillata,Cup,-27,14,Imperial
131,Consp31,Terra_Sigillata,Cup,1,25,Imperial
132,Consp31.1,Terra_Sigillata,Cup,1,25,Imperial
133,Consp31.2,Terra_Sigillata,Cup,1,25,Imperial
134,Consp32,Terra_Sigillata,Cup,14,75,Imperial
135,Consp32.1,Terra_Sigillata,Cup,14,75,Imperial
136,Consp32.2,Terra_Sigillata,Cup,14,75,Imperial
137,Consp32.3,Terra_Sigillata,Cup,14,75,Imperial
138,Consp32.4,Terra_Sigillata,Cup,14,75,Imperial
139,Consp32.5,Terra_Sigillata,Cup,14,75,Imperial
140,Consp33,Terra_Sigillata,Cup,-10,125,Imperial
141,Consp33.1,Terra_Sigillata,Cup,-10,37,Imperial
142,Consp33.2,Terra_Sigillata,Cup,-10,37,Imperial
143,Consp33.3,Terra_Sigillata,Cup,75,125,Imperial
144,Consp33.4,Terra_Sigillata,Cup,75,125,Imperial
145,Consp33/34,Terra_Sigillata,Cup,-10,125,Imperial
146,Consp34,Terra_Sigillata,Cup,25,96,Imperial
147,Consp34.1,Terra_Sigillata,Cup,25,96,Imperial
148,Consp34.2,Terra_Sigillata,Cup,25,96,Imperial
149,Consp36.2-4,Terra_Sigillata,Cup,-10,37,Imperial
150,Consp36.3,Terra_Sigillata,Cup,14,37,Imperial
151,Consp36.4,Terra_Sigillata,Cup,14,37,Imperial
152,Consp37,Terra_Sigillata,Cup,14,75,Imperial
153,Consp37.1,Terra_Sigillata,Cup,14,75,Imperial
154,Consp37.3,Terra_Sigillata,Cup,14,75,Imperial
155,Consp37.4,Terra_Sigillata,Cup,14,75,Imperial
156,Consp38,Terra_Sigillata,Cup,-27,25,Imperial
157,Consp43.1,Terra_Sigillata,Cup,50,150,Imperial
158,Consp43.3,Terra_Sigillata,Cup,50,150,Imperial
159,Consp47.2,Terra_Sigillata,Dish,50,150,Imperial
160,Consp50.3,Terra_Sigillata,Beaker,-27,37,Imperial
161,Consp50.4,Terra_Sigillata,Beaker,-27,37,Imperial
162,ConspB1.10,Terra_Sigillata,Platter,-27,37,Imperial
163,ConspB1.11,Terra_Sigillata,Platter,14,96,Imperial
164,ConspB1.11-12,Terra_Sigillata,Platter,14,96,Imperial
165,ConspB1.12,Terra_Sigillata,Platter,14,96,Imperial
166,ConspB1.2,Terra_Sigillata,Platter,-27,-1,Imperial
167,ConspB1.4,Terra_Sigillata,Platter,-27,-1,Imperial
168,ConspB1,Terra_Sigillata,Platter,-27,37,Imperial
169,ConspB1.4-5,Terra_Sigillata,Platter,-27,-1,Imperial
170,ConspB1.5,Terra_Sigillata,Platter,-27,-1,Imperial
171,ConspB1.8,Terra_Sigillata,Platter,-27,37,Imperial
172,ConspB1.6,Terra_Sigillata,Platter,-27,37,Imperial
173,ConspB1.7,Terra_Sigillata,Platter,-27,37,Imperial
174,ConspB1.9,Terra_Sigillata,Platter,-27,37,Imperial
175,ConspB2,Terra_Sigillata,Plate,-27,117,Imperial
176,ConspB2.1,Terra_Sigillata,Plate,-27,14,Imperial
177,ConspB2.4,Terra_Sigillata,Plate,-27,14,Imperial
178,ConspB2.5,Terra_Sigillata,Plate,1,37,Imperial
179,ConspB2.6,Terra_Sigillata,Plate,14,54,Imperial
180,ConspB2.7,Terra_Sigillata,Plate,14,96,Imperial
181,ConspB2.7-8,Terra_Sigillata,Plate,14,96,Imperial
182,ConspB2.9,Terra_Sigillata,Plate,41,117,Imperial
183,ConspB3,Terra_Sigillata,Cup,Not_Available,Not_Available,Imperial
184,ConspB3.1,Terra_Sigillata,Cup,Not_Available,Not_Available,Imperial
185,ConspB3.10,Terra_Sigillata,Cup,Not_Available,Not_Available,Imperial
186,ConspB3.11,Terra_Sigillata,Cup,Not_Available,Not_Available,Imperial
187,ConspB3.12,Terra_Sigillata,Cup,Not_Available,Not_Available,Imperial
188,ConspB3.12-19,Terra_Sigillata,Cup,Not_Available,Not_Available,Imperial
189,ConspB3.13,Terra_Sigillata,Cup,Not_Available,Not_Available,Imperial
190,ConspB3.14,Terra_Sigillata,Cup,Not_Available,Not_Available,Imperial
191,ConspB3.15,Terra_Sigillata,Cup,Not_Available,Not_Available,Imperial
192,ConspB3.16,Terra_Sigillata,Cup,Not_Available,Not_Available,Imperial
193,ConspB3.17,Terra_Sigillata,Cup,Not_Available,Not_Available,Imperial
194,ConspB3.18,Terra_Sigillata,Cup,Not_Available,Not_Available,Imperial
195,ConspB3.19,Terra_Sigillata,Cup,Not_Available,Not_Available,Imperial
196,ConspB3.20,Terra_Sigillata,Cup,Not_Available,Not_Available,Imperial
197,ConspB3.4,Terra_Sigillata,Cup,Not_Available,Not_Available,Imperial
198,ConspB3.5,Terra_Sigillata,Cup,Not_Available,Not_Available,Imperial
199,ConspB3.6,Terra_Sigillata,Cup,Not_Available,Not_Available,Imperial
200,ConspB3.7,Terra_Sigillata,Cup,Not_Available,Not_Available,Imperial
201,ConspB3.8,Terra_Sigillata,Cup,Not_Available,Not_Available,Imperial
202,ConspB3.9,Terra_Sigillata,Cup,Not_Available,Not_Available,Imperial
203,ConspB4,Terra_Sigillata,Cup,Not_Available,Not_Available,Imperial
204,ConspB4.1,Terra_Sigillata,Cup,Not_Available,Not_Available,Imperial
205,ConspB4.2,Terra_Sigillata,Cup,Not_Available,Not_Available,Imperial
206,ConspB4.3,Terra_Sigillata,Cup,Not_Available,Not_Available,Imperial
207,ConspB4.5,Terra_Sigillata,Cup,Not_Available,Not_Available,Imperial
208,ConspB4.6,Terra_Sigillata,Cup,Not_Available,Not_Available,Imperial
209,ConspB4.7,Terra_Sigillata,Cup,Not_Available,Not_Available,Imperial
210,ConspB4.8,Terra_Sigillata,Cup,Not_Available,Not_Available,Imperial
211,ConspB4.9,Terra_Sigillata,Cup,Not_Available,Not_Available,Imperial
212,ConspB4.10,Terra_Sigillata,Cup,Not_Available,Not_Available,Imperial
213,ConspB4.11,Terra_Sigillata,Cup,Not_Available,Not_Available,Imperial
214,ConspB4.12,Terra_Sigillata,Cup,Not_Available,Not_Available,Imperial
215,ConspB4.13,Terra_Sigillata,Cup,Not_Available,Not_Available,Imperial
216,ConspB4.14,Terra_Sigillata,Cup,Not_Available,Not_Available,Imperial
217,ConspB4.15,Terra_Sigillata,Cup,Not_Available,Not_Available,Imperial
218,ConspB4.16,Terra_Sigillata,Cup,Not_Available,Not_Available,Imperial
219,ConspB4.17,Terra_Sigillata,Cup,Not_Available,Not_Available,Imperial
220,ConspR1.2,Terra_Sigillata,Chalice,-10,1,Imperial
221,ConspR2,Terra_Sigillata,Chalice,-10,14,Imperial
222,ConspR3,Terra_Sigillata,Chalice,-10,14,Imperial
223,ConspR3.1,Terra_Sigillata,Chalice,-10,14,Imperial
224,ConspR3.2,Terra_Sigillata,Chalice,-10,14,Imperial
225,ConspR3.3,Terra_Sigillata,Chalice,-10,14,Imperial
226,ConspR3-4,Terra_Sigillata,Chalice,-10,37,Imperial
227,ConspR4,Terra_Sigillata,Chalice,14,37,Imperial
228,ConspR4.1,Terra_Sigillata,Chalice,14,37,Imperial
229,ConspR4.2,Terra_Sigillata,Chalice,14,37,Imperial
230,ConspR5,Terra_Sigillata,Chalice,-10,14,Imperial
231,ConspR6,Terra_Sigillata,Chalice,1,25,Imperial
232,ConspR7,Terra_Sigillata,Chalice,1,25,Imperial
233,ConspR9,Terra_Sigillata,Chalice,14,54,Imperial
234,ConspR9.3,Terra_Sigillata,Chalice,25,54,Imperial
235,ConspR12,Terra_Sigillata,Chalice,-40,25,Imperial
236,ConspR13,Terra_Sigillata,Chalice,-27,25,Imperial
237,ConspR13.1.1,Terra_Sigillata,Chalice,-27,25,Imperial
238,Drag11,Terra_Sigillata,Bowl,40,55,Imperial
239,Drag13,Terra_Sigillata,Bowl,,,Imperial
240,Drag16,Terra_Sigillata,Plate,,,Imperial
241,Drag17,Terra_Sigillata,Plate,,,Imperial
242,Drag17A,Terra_Sigillata,Plate,,,Imperial
243,Drag17A/B,Terra_Sigillata,Plate,,,Imperial
244,Drag17B,Terra_Sigillata,Plate,,,Imperial
245,Drag18,Terra_Sigillata,Plate,50,100,Imperial
246,Drag18_similis,Terra_Sigillata,Plate,Not_Available,Not_Available,Not_Available
247,Drag18/31,Terra_Sigillata,Dish,90,150,Imperial
248,Drag20,Terra_Sigillata,Cup,,,Imperial
249,Drag21,Terra_Sigillata,Plate,,,Imperial
250,Drag26,Terra_Sigillata,Plate,,,Imperial
251,Drag27,Terra_Sigillata,Cup,50,150,Imperial
252,Drag29,Terra_Sigillata,Bowl,40,85,Imperial
253,Drag30,Terra_Sigillata,Cup,40,230,Imperial
254,Drag31,Terra_Sigillata,Bowl,150,230,Imperial
255,Drag31_similis,Terra_Sigillata,Bowl,Not_Available,Not_Available,Not_Available
256,Drag32,Terra_Sigillata,Dish,160,230,Imperial
257,Consp7_similis,Terra_Sigillata,Dish,Not_Available,Not_Available,Not_Available
258,Drag35/36,Terra_Sigillata,Dish,70,230,Imperial
259,Drag33_similis,Terra_Sigillata,Dish,Not_Available,Not_Available,Not_Available
260,Drag35/51,Terra_Sigillata,Dish,70,230,Imperial
261,Drag35B,Terra_Sigillata,Dish,70,230,Imperial
262,Drag36/42,Terra_Sigillata,Dish,70,140,Imperial
263,Drag36/51,Terra_Sigillata,Dish,70,,Imperial
264,Drag37,Terra_Sigillata,Bowl,70,230,Imperial
265,Drag37_similis,Terra_Sigillata,Dish,Not_Available,Not_Available,Not_Available
266,Drag37/32,Terra_Sigillata,Dish,70,230,Imperial
267,Drag37/32_similis,Terra_Sigillata,Dish,200,300,Imperial
268,Drag38,Terra_Sigillata,Bowl,140,230,Imperial
269,Consp36_similis,Terra_Sigillata,Dish,Not_Available,Not_Available,Not_Available
270,Drag42,Terra_Sigillata,Dish,70,140,Imperial
271,Drag43,Terra_Sigillata,Bowl,170,230,Imperial
272,Drag46,Terra_Sigillata,Cup,70,230,Imperial
273,Drag46A,Terra_Sigillata,Cup,70,230,Imperial
274,Drag54,Terra_Sigillata,Beaker,150,230,Imperial
275,Drag54_similis,Terra_Sigillata,Beaker,Not_Available,Not_Available,Not_Available
276,Drag57,Terra_Sigillata,Dish,100,150,Imperial
277,Hayes12,ARSW,Bowl,100,200,Imperial
278,Hayes14,ARSW,Bowl,125,200,Imperial
279,Hayes14A,ARSW,Bowl,125,175,Imperial
280,Hayes14B,ARSW,Bowl,125,200,Imperial
281,Hayes14C,ARSW,Bowl,175,225,Imperial
282,Hayes15,ARSW,Bowl,225,275,Imperial
283,Hayes16,ARSW,Dish,150,200,Imperial
284,Hayes17B,ARSW,Bowl,150,200,Imperial
285,Hayes22,ARSW,Bowl,100,175,Imperial
286,Hayes26,ARSW,Dish,150,200,Imperial
287,Hayes27,ARSW,Dish,160,220,Imperial
288,Hayes28,ARSW,Bowl,200,225,Imperial
289,Hayes29,ARSW,Bowl,200,225,Imperial
290,Hayes31,ARSW,Dish,200,275,Imperial
291,Hayes32,ARSW,Dish,200,275,Imperial
292,Hayes33,ARSW,Plate,200,250,Imperial
293,Hayes3B,ARSW,Dish,75,150,Imperial
294,Hayes3C,ARSW,Dish,125,175,Imperial
295,Hayes44,ARSW,Bowl,220,300,Late_Antiquity
296,Hayes45,ARSW,Bowl,230,320,Late_Antiquity
297,Hayes45A,ARSW,Bowl,230,320,Late_Antiquity
298,Hayes45B,ARSW,Bowl,230,320,Late_Antiquity
299,Hayes45C,ARSW,Bowl,300,375,Late_Antiquity
300,Hayes46,ARSW,Bowl,275,325,Late_Antiquity
301,Hayes48A,ARSW,Plate,220,270,Late_Antiquity
302,Hayes48B,ARSW,Plate,260,320,Late_Antiquity
303,Hayes49,ARSW,Plate,230,300,Late_Antiquity
304,Hayes50,ARSW,Dish,230,400,Late_Antiquity
305,Hayes50A,ARSW,Dish,230,325,Late_Antiquity
306,Hayes50B,ARSW,Dish,350,400,Late_Antiquity
307,Hayes52,ARSW,Bowl,280,400,Late_Antiquity
308,Hayes52B,ARSW,Bowl,280,400,Late_Antiquity
309,Hayes53,ARSW,Bowl,350,430,Late_Antiquity
310,Hayes53A,ARSW,Bowl,350,430,Late_Antiquity
311,Hayes53B,ARSW,Bowl,370,430,Late_Antiquity
312,Hayes57,ARSW,Dish,325,400,Late_Antiquity
313,Hayes58,ARSW,Dish,290,375,Late_Antiquity
314,Hayes58A,ARSW,Dish,290,375,Late_Antiquity
315,Hayes58B,ARSW,Dish,290,375,Late_Antiquity
316,Hayes59,ARSW,Dish,320,420,Late_Antiquity
317,Hayes59A,ARSW,Dish,320,420,Late_Antiquity
318,Hayes60,ARSW,Plate,325,400,Late_Antiquity
319,Hayes61,ARSW,Dish,325,450,Late_Antiquity
320,Hayes61A,ARSW,Dish,325,375,Late_Antiquity
321,Hayes61A/B,ARSW,Dish,325,450,Late_Antiquity
322,Hayes61B,ARSW,Dish,375,450,Late_Antiquity
323,Hayes62,ARSW,Dish,350,425,Late_Antiquity
324,Hayes62A,ARSW,Dish,350,425,Late_Antiquity
325,Hayes62B,ARSW,Dish,350,425,Late_Antiquity
326,Hayes63,ARSW,Dish,375,400,Late_Antiquity
327,Hayes64,ARSW,Dish,400,475,Late_Antiquity
328,Hayes66,ARSW,Plate,400,425,Late_Antiquity
329,Hayes67,ARSW,Plate,360,470,Late_Antiquity
330,Hayes68,ARSW,Plate,370,425,Late_Antiquity
331,Hayes6A/B,ARSW,Dish,75,200,Imperial
332,Hayes6B,ARSW,Dish,150,200,Imperial
333,Hayes6C,ARSW,Dish,100,200,Imperial
334,Hayes70,ARSW,Bowl,400,450,Late_Antiquity
335,Hayes71,ARSW,Bowl,375,420,Late_Antiquity
336,Hayes72,ARSW,Bowl,400,425,Late_Antiquity
337,Hayes73,ARSW,Bowl,420,475,Late_Antiquity
338,Hayes73B,ARSW,Bowl,420,475,Late_Antiquity
339,Hayes74,ARSW,Bowl,450,475,Late_Antiquity
340,Hayes75,ARSW,Bowl,420,450,Late_Antiquity
341,Hayes76,ARSW,Bowl,400,475,Late_Antiquity
342,Hayes76A,ARSW,Bowl,425,475,Late_Antiquity
343,Hayes78,ARSW,Bowl,400,500,Late_Antiquity
344,Hayes8,ARSW,Bowl,80,160,Imperial
345,Hayes80,ARSW,Bowl,425,500,Late_Antiquity
346,Hayes80/85,ARSW,Bowl,425,500,Late_Antiquity
347,Hayes80A,ARSW,Bowl,425,500,Late_Antiquity
348,Hayes82A,ARSW,Plate,430,475,Late_Antiquity
349,Hayes82B,ARSW,Plate,460,500,Late_Antiquity
350,Hayes84,ARSW,Dish,440,500,Late_Antiquity
351,Hayes85,ARSW,Bowl,425,500,Late_Antiquity
352,Hayes85B,ARSW,Bowl,450,500,Late_Antiquity
353,Hayes87,ARSW,Dish,450,525,Late_Antiquity
354,Hayes87A,ARSW,Dish,450,500,Late_Antiquity
355,Hayes91,ARSW,Bowl,375,650,Late_Antiquity
356,Hayes91A/B,ARSW,Bowl,425,530,Late_Antiquity
357,Hayes9A,ARSW,Bowl,100,180,Imperial
358,"Consp2/3
",Terra_Sigillata,Plate,-40,125,Imperial
359,"ConspR3-13
",Terra_Sigillata,Cup,Not_Available,Not_Available,Imperial
360,Unknown,Terra_Sigillata,Unknown,Not_Available,Not_Available,Imperial
361,Consp18.2.5,Terra_Sigillata,Plate,-10,37,Imperial
362,Consp20/21,Terra_Sigillata,Plate,-27,100,Imperial
363,Consp27.1.2,Terra_Sigillata,Cup,14,68,Imperial
364,Brecciaroli_Taborelli_1,Sigillata_Medio_Adriaticha,Cup,150,250,Imperial
365,Brecciaroli_Taborelli_10,Sigillata_Medio_Adriaticha,,225,400,Late_Antiquity
366,Brecciaroli_Taborelli_10/17,Sigillata_Medio_Adriaticha,Bowl,250,475,Late_Antiquity
367,Brecciaroli_Taborelli_12,Sigillata_Medio_Adriaticha,Dish,150,400,Late_Antiquity
368,Brecciaroli_Taborelli_13,Sigillata_Medio_Adriaticha,Dish,250,375,Late_Antiquity
369,Brecciaroli_Taborelli_15/17,Sigillata_Medio_Adriaticha,,175,300,Late_Antiquity
370,Brecciaroli_Taborelli_16,Sigillata_Medio_Adriaticha,Cup,150,200,Late_Antiquity
371,Brecciaroli_Taborelli_17,Sigillata_Medio_Adriaticha,Plate,175,375,Late_Antiquity
372,Brecciaroli_Taborelli_18,Sigillata_Medio_Adriaticha,,175,375,Late_Antiquity
373,Brecciaroli_Taborelli_19,Sigillata_Medio_Adriaticha,Plate,150,250,Imperial
374,Brecciaroli_Taborelli_19/22,Sigillata_Medio_Adriaticha,Plate,230,450,Late_Antiquity
375,Brecciaroli_Taborelli_21,Sigillata_Medio_Adriaticha,Plate,150,500,Late_Antiquity
376,Brecciaroli_Taborelli_23,Sigillata_Medio_Adriaticha,,275,450,Late_Antiquity
377,Brecciaroli_Taborelli_24,Sigillata_Medio_Adriaticha,Cup,150,250,Imperial
378,Brecciaroli_Taborelli_3,Sigillata_Medio_Adriaticha,Cup,175,375,Late_Antiquity
379,Brecciaroli_Taborelli_4,Sigillata_Medio_Adriaticha,Cup,150,250,Imperial
380,Brecciaroli_Taborelli_5,Sigillata_Medio_Adriaticha,,200,300,Imperial
381,Brecciaroli_Taborelli_7,Sigillata_Medio_Adriaticha,,150,250,Imperial
382,Brecciaroli_Taborelli_8,Sigillata_Medio_Adriaticha,,175,375,Late_Antiquity
383,Brecciaroli_Taborelli_9,Sigillata_Medio_Adriaticha,Cup,175,425,Late_Antiquity
384,Brecciaroli_Taborelli_7/18,Sigillata_Medio_Adriaticha,Bowl,150,250,Imperial
385,Hayes44_similis,Sigillata_Medio_Adriaticha,Bowl,100,275,Imperial
386,Hayes61_similis,Sigillata_Medio_Adriaticha,Dish,200,300,Late_Antiquity
387,Hayes103-105_similis,Sigillata_Medio_Adriaticha,Dish,400,600,Late_Antiquity
388,Brecciaroli_Taborelli_11-13,Sigillata_Medio_Adriaticha,Dish,200,300,Late_Antiquity
389,Unknown,Sigillata_Medio_Adriaticha,Unknown,Not_Available,Not_Available,Not_Available
390,Michigan1,ARSW,Plate,500,675,Late_Antiquity
391,Atlante_I_tav._XLVI_7,ARSW,Plate,475,525,Late_Antiquity
392,Fallico_1971_30._nr._A149,ARSW,Plate,320,420,Late_Antiquity
393,Hayes61C,ARSW,Dish,375,450,Late_Antiquity
394,Hayes67B,ARSW,Plate,360,470,Late_Antiquity
395,Hayes88,ARSW,Dish,500,525,Late_Antiquity
396,Hayes93A,ARSW,Bowl,470,540,Late_Antiquity
397,Hayes104B,ARSW,Dish,550,625,Late_Antiquity
398,Hayes105,ARSW,Plate,580,660,Late_Antiquity
399,Hayes107,ARSW,Bowl,600,650,Late_Antiquity
400,Hayes99,ARSW,Bowl,510,540,Late_Antiquity
401,Hayes91A,ARSW,Bowl,375,450,Late_Antiquity
402,Hayes91B,ARSW,Bowl,530,600,Late_Antiquity
403,Unknown,ARSW,Unknown,Not_Available,Not_Available,Not_Available
404,Hayes63_ES,Eastern_Sigillata,Plate,70,150,Imperial
405,Hayes4_ES,Eastern_Sigillata,Plate,-125,10,Republican
406,Hayes3_LRC,Late_Roman_C,Bowl,400,530,Late_Antiquity
407,Unknown,Eastern_Sigillata,Unknown,Not_Available,Not_Available,Imperial
408,Consp47,Terra_Sigillata,Dish,70,150,Imperial
409,Consp39/43,Terra_Sigillata,Cup,70,150,Imperial
410,Consp41/42,Terra_Sigillata,Cup,70,150,Imperial
411,Consp43,Terra_Sigillata,Cup,50,150,Imperial
412,Drag29_similis,Terra_Sigillata,Bowl,Not_Available,Not_Available,Not_Available
413,Marabini36_similis,Terra_Sigillata,Bowl,Not_Available,Not_Available,Not_Available
414,Ritterling12,Terra_Sigillata,Bowl,40,80,Imperial
415,Déchelette72,Terra_Sigillata,Cup,150,230,Imperial
416,Hayes_Late_Form_G,Eastern_Sigillata,Plate,150,200,Imperial
417,Hayes53_ES,Eastern_Sigillata,Plate,75,125,Imperial
418,Hayes60_ES,Eastern_Sigillata,Plate,50,150,Imperial
419,Hayes62A_ES,Eastern_Sigillata,Plate,70,120,Imperial
420,Hayes70_ES,Eastern_Sigillata,Bowl,50,125,Imperial
421,Hayes74A_ES,Eastern_Sigillata,Bowl,70,120,Imperial
422,Hayes76B_ES,Eastern_Sigillata,Bowl,100,150,Imperial
423,Hayes79_ES,Eastern_Sigillata,Bowl,75,125,Imperial
424,Hayes80_ES,Eastern_Sigillata,Bowl,80,150,Imperial
425,Hayes75_ES,Eastern_Sigillata,Bowl,50,120,Imperial
426,Hayes76A_ES,Eastern_Sigillata,Bowl,50,100,Imperial
427,Hayes14A_similis,ARSW,Bowl,Not_Available,Not_Available,Imperial
428,Hayes17A,ARSW,Bowl,150,200,Imperial
429,Ostia1,ARSW,Cup,150,250,Imperial
430,Hayes14/17,ARSW,Bowl,125,200,Imperial
431,Sperlonga39,ARSW,Plate,200,250,Imperial
432,SalomonsonC10,ARSW,Plate,250,300,Late_Antiquity
433,Lamboglia40bis,ARSW,Plate,230,325,Late_Antiquity
434,Consp1,Terra_Sigillata,Plate,-40,-10,Imperial
435,Consp6,Terra_Sigillata,Plate,1,50,Imperial
436,Consp4.2,Terra_Sigillata,Plate,-10,14,Imperial
437,Consp8.1,Terra_Sigillata,Cup/Bowl,-10,10,Imperial
438,Consp8.3,Terra_Sigillata,Cup/Bowl,-10,14,Imperial
439,Consp18.2,Terra_Sigillata,Plate,-10,37,Imperial
440,Consp22/24,Terra_Sigillata,Cup,-20,75,Imperial
441,Consp26/27/29,Terra_Sigillata,Cup,1,96,Imperial
442,Consp27/29,Terra_Sigillata,Cup,14,96,Imperial
443,Consp36,Terra_Sigillata,Cup,-10,37,Imperial
444,Consp40,Terra_Sigillata,Dish,50,150,Imperial
445,Consp51.3,Terra_Sigillata,Dish,-14,96,Imperial
446,Consp51.1-2,Terra_Sigillata,Dish,-14,96,Imperial
447,ConspB2.3-4,Terra_Sigillata,Plate,-27,14,Imperial
448,ConspK1-2,Terra_Sigillata,Jug,Not_Available,Not_Available,Imperial
449,ConspK4,Terra_Sigillata,Jug,Not_Available,Not_Available,Imperial
450,ConspK6,Terra_Sigillata,Jug,Not_Available,Not_Available,Imperial
451,ConspK7,Terra_Sigillata,Jug,Not_Available,Not_Available,Imperial
452,ConspK9,Terra_Sigillata,Jug,Not_Available,Not_Available,Imperial
453,ConspK19,Terra_Sigillata,Jug,Not_Available,Not_Available,Imperial
454,ConspKb,Terra_Sigillata,Jug,Not_Available,Not_Available,Imperial
455,ConspKc,Terra_Sigillata,Jug,Not_Available,Not_Available,Imperial
456,ConspKd,Terra_Sigillata,Jug,Not_Available,Not_Available,Imperial
457,ConspKe,Terra_Sigillata,Jug,Not_Available,Not_Available,Imperial
458,ConspKf,Terra_Sigillata,Jug,Not_Available,Not_Available,Imperial
459,ConspB1.1-5,Terra_Sigillata,Platter,-27,-1,Imperial
460,ConspB2.2,Terra_Sigillata,Plate,-27,14,Imperial
461,Hayes3_ES,Eastern_Sigillata,Plate,-125,-10,Republican
462,Hayes19B_ES,Eastern_Sigillata,Cup,-50,-1,Republican
463,Hayes4A_ES,Eastern_Sigillata,Plate,-125,10,Republican
464,Hayes22A_ES,Eastern_Sigillata,Cup,-125,10,Republican
465,Hayes23A_ES,Eastern_Sigillata,Cup,-50,-1,Republican
466,Hayes45_ES,Eastern_Sigillata,Cup,1,50,Imperial
467,Hayes52_ES,Eastern_Sigillata,Plate,117,138,Imperial
468,Hayes54_ES,Eastern_Sigillata,Plate,75,150,Imperial
469,Hayes_Late_Form_E,Eastern_Sigillata,Bowl,150,200,Imperial
470,Hayes30_ES,Eastern_Sigillata,Cup,1,20,Imperial
471,Hayes36_ES,Eastern_Sigillata,Cup,25,75,Imperial
472,Hayes37_ES,Eastern_Sigillata,Bowl,50,75,Imperial
473,Hayes24/25_ES,Eastern_Sigillata,Cup,Not_Available,Not_Available,Imperial
474,Hayes55_ES,Eastern_Sigillata,Plate,50,150,Imperial
475,Hayes58B1/2_ES,Eastern_Sigillata,Plate,50,75,Imperial
476,Hayes58B2_ES,Eastern_Sigillata,Plate,75,125,Imperial
477,Hayes59_ES,Eastern_Sigillata,Plate,50,75,Imperial
478,Hayes62B_ES,Eastern_Sigillata,Plate,70,120,Imperial
479,Hayes66_ES,Eastern_Sigillata,Plate,50,75,Imperial
480,Hayes70B1/2_ES,Eastern_Sigillata,Bowl,50,75,Imperial
481,Hayes70B2_ES,Eastern_Sigillata,Bowl,50,125,Imperial
482,Hayes71_ES,Eastern_Sigillata,Bowl,75,125,Imperial
483,Hayes74B_ES,Eastern_Sigillata,Bowl,75,125,Imperial
484,Hayes74/75_ES,Eastern_Sigillata,Bowl,75,125,Imperial
485,Hayes74_ES,Eastern_Sigillata,Bowl,70,125,Imperial
486,Candarli_Hayes3,Eastern_Sigillata,Bowl,150,250,Imperial
487,Candarli_Hayes4,Eastern_Sigillata,Plate,175,275,Imperial
488,Candarli_Loeschke19,Eastern_Sigillata,Bowl,75,125,Imperial
489,T18,Eastern_Sigillata,Plate,-50,50,Imperial
490,Type_kg4,Eastern_Sigillata,Krater,-50,75,Imperial
491,HayesP28_ES,Eastern_Sigillata,Cup,1,100,Imperial
492,HayesP30_ES,Eastern_Sigillata,Cup,100,150,Imperial
493,Hayes6,ARSW,Dish,75,200,Imperial
494,Hayes145,ARSW,Dish,200,250,Imperial
495,Hayes17,ARSW,Bowl,150,200,Imperial
496,Hayes27/31,ARSW,Dish,160,275,Imperial
497,Hayes10,ARSW,Bowl,100,200,Imperial
498,Hayes32/33,ARSW,Dish,200,275,Imperial
499,Hayes40,ARSW,Bowl,200,250,Imperial
500,Hayes72A,ARSW,Bowl,400,425,Late_Antiquity
501,Hayes73A,ARSW,Bowl,420,475,Late_Antiquity
502,Hayes42,ARSW,Dish,220,250,Imperial
503,Hayes65,ARSW,Dish,300,400,Late_Antiquity
504,Hayes81,ARSW,Bowl,450,500,Late_Antiquity
505,Hayes94B,ARSW,Bowl,500,550,Late_Antiquity
506,Hayes98A/B,ARSW,Bowl,500,550,Late_Antiquity
507,Fulford39/40,ARSW,Cup,450,600,Late_Antiquity
508,Hayes77,ARSW,Plate,400,500,Late_Antiquity
509,Hayes79,ARSW,Dish,400,500,Late_Antiquity
510,Hayes103A,ARSW,Dish,500,575,Late_Antiquity
511,Hayes110,ARSW,Bowl,550,650,Late_Antiquity
512,Hayes12/102,ARSW,Bowl,Not_Available,Not_Available,Not_Available
513,Hayes12/110,ARSW,Bowl,Not_Available,Not_Available,Not_Available
514,Atlante_II_tav._CXVI_8,Terra_Sigillata,Plate,-27,100,Imperial
515,Atlante_II_tav._CXIX_7,Terra_Sigillata,Plate,-27,100,Imperial
516,Atlante_II_tav._CXXXI_9,Terra_Sigillata,Cup,50,100,Imperial
517,Atlante_II_tav._CXXXI_12,Terra_Sigillata,Cup,50,100,Imperial
518,Lamboglia51,ARSW,Plate,320,420,Late_Antiquity
519,Jodin-Ponisch_1960,ARSW,Plate,325,450,Late_Antiquity
520,Lamboglia9,ARSW,Plate,375,400,Late_Antiquity
521,Atlante_I_tav_XLVIII_2,ARSW,Plate,320,360,Late_Antiquity
522,Lamboglia41,ARSW,Plate,250,300,Late_Antiquity
523,AtlanteI,ARSW,Plate,320,360,Late_Antiquity
524,Lamboglia22B,ARSW,Plate,400,600,Late_Antiquity
525,Lamboglia3B2,ARSW,Plate,175,225,Imperial
526,Lamboglia1,ARSW,Plate,225,275,Imperial
527,Lamboglia53bis,ARSW,Plate,325,450,Late_Antiquity
528,SalomonsonA12,ARSW,Plate,250,450,Late_Antiquity
529,Waagè1948_n.802K,ARSW,Plate,580,600,Late_Antiquity
530,Lamboglia54,ARSW,Plate,325,450,Late_Antiquity
531,Lamboglia52C,ARSW,Plate,Not_Available,Not_Available,Not_Available
532,Lamboglia3/8,ARSW,Plate,-27,14,Imperial
533,SalomonsonA21,ARSW,Plate,Not_Available,Not_Available,Not_Available
534,Lamboglia7A,ARSW,Plate,70,100,Imperial
535,Lamboglia40,ARSW,Plate,300,360,Late_Antiquity
536,Deneauve1972,ARSW,Plate,400,500,Late_Antiquity
537,SalomonsonA3,ARSW,Plate,250,300,Late_Antiquity
538,Lamboglia4/46,ARSW,Plate,200,250,Imperial
539,Lamboglia9A,ARSW,Plate,375,400,Late_Antiquity
540,SalomonsonA20,ARSW,Plate,200,250,Imperial
541,Hayes28B,ARSW,Bowl,200,225,Imperial
542,Hayes22_ES,Eastern_Sigillata,Cup,-125,10,Republican
543,Atlante80,Eastern_Sigillata,Dish,80,150,Imperial
544,Consp24,Terra_Sigillata,Cup,-10,75,Imperial
545,Brecciaroli_Taborelli_11,Sigillata_Medio_Adriaticha,Vase,250,450,Late_Antiquity
546,Hayes104C,ARSW,Dish,550,625,Late_Antiquity
547,Hayes99C,ARSW,Bowl,510,540,Late_Antiquity
548,Hayes109,ARSW,Dish,575,625,Late_Antiquity
549,Consp1.2,Terra_Sigillata,Plate,-40,-10,Imperial
550,Consp2.3,Terra_Sigillata,Plate,-40,-10,Imperial
551,Consp5,Terra_Sigillata,Plate,-27,10,Imperial
552,Consp5.2,Terra_Sigillata,Plate,-27,10,Imperial
553,Consp5.4,Terra_Sigillata,Plate,-27,10,Imperial
554,Consp7.2,Terra_Sigillata,Cup/Bowl,-10,14,Imperial
555,Consp8.2,Terra_Sigillata,Cup/Bowl,-10,14,Imperial
556,Consp19.1,Terra_Sigillata,Plate,1,37,Imperial
557,Consp21.1,Terra_Sigillata,Plate,-27,37,Imperial
558,Consp28.1,Terra_Sigillata,Cup,1,50,Imperial
559,Consp36.1,Terra_Sigillata,Cup,-10,37,Imperial
560,Consp37.2,Terra_Sigillata,Cup,14,75,Imperial
561,Consp38.1,Terra_Sigillata,Cup,-27,25,Imperial
562,Consp38.2,Terra_Sigillata,Cup,-27,25,Imperial
563,Consp48.1,Terra_Sigillata,Dish,50,150,Imperial
564,Consp50.5,Terra_Sigillata,Beaker,-27,37,Imperial
565,ConspK1,Terra_Sigillata,Jug,Not_Available,Not_Available,Imperial
566,ConspK8,Terra_Sigillata,Jug,Not_Available,Not_Available,Imperial
567,ConspK12,Terra_Sigillata,Jug,Not_Available,Not_Available,Imperial
568,ConspK16,Terra_Sigillata,Jug,Not_Available,Not_Available,Imperial
569,ConspK17,Terra_Sigillata,Jug,Not_Available,Not_Available,Imperial
570,ConspK18,Terra_Sigillata,Jug,Not_Available,Not_Available,Imperial
571,ConspK20,Terra_Sigillata,Jug,Not_Available,Not_Available,Imperial
572,ConspK22,Terra_Sigillata,Jug,Not_Available,Not_Available,Imperial
573,ConspKa,Terra_Sigillata,Jug,Not_Available,Not_Available,Imperial
574,ConspB2.3,Terra_Sigillata,Platter,-27,14,Imperial
575,ConspB2.8,Terra_Sigillata,Platter,14,96,Imperial
576,ConspB3.2,Terra_Sigillata,Platter,Not_Available,Not_Available,Imperial
577,ConspB3.3,Terra_Sigillata,Platter,Not_Available,Not_Available,Imperial
578,ConspB4.4,Terra_Sigillata,Cup,Not_Available,Not_Available,Imperial
579,ConspB6,Terra_Sigillata,Cup,Not_Available,Not_Available,Imperial
580,ConspB6.9,Terra_Sigillata,Cup,Not_Available,Not_Available,Imperial
581,"Consp1.10
",Terra_Sigillata,Plate,-40,-10,Imperial
582,"Consp1.12
",Terra_Sigillata,Plate,-40,-10,Imperial
583,"Consp1.5
",Terra_Sigillata,Plate,-40,-10,Imperial
584,MayetIII.28,Terra_Sigillata,Cup,-25,1,Imperial
585,Mazzeo_Saracino1985_4D_A,Terra_Sigillata,Cup,-27,14,Imperial
586,ConspR11.1.1,Terra_Sigillata,Chalice,-10,14,Imperial
587,Mazzeo_Saracino1985_11D,Terra_Sigillata,Krater,-25,25,Imperial
588,Mazzeo_Saracino1985_10D,Terra_Sigillata,Cup,-25,25,Imperial
589,ConspR99,Terra_Sigillata,Chalice,14,37,Imperial
590,Consp10,Terra_Sigillata,Plate,-27,-1,Imperial
591,Consp42,Terra_Sigillata,Dish,70,150,Imperial
592,Consp44,Terra_Sigillata,Cup,70,150,Imperial
593,Lavizzari_Pedrazzini2b,Terra_Sigillata,Cup,70,150,Imperial
594,Consp46,Terra_Sigillata,Plate,70,150,Imperial
595,Consp22/25,Terra_Sigillata,Cup,-20,75,Imperial
596,Hayes29_ES,Eastern_Sigillata,Bowl,-30,25,Imperial
597,Lamboglia55A,ARSW,Bowl,430,475,Late_Antiquity
598,Hayes69,ARSW,Dish,425,450,Late_Antiquity
599,Hayes87B,ARSW,Dish,450,525,Late_Antiquity
600,Hayes104,ARSW,Dish,550,625,Late_Antiquity
601,Hayes86,ARSW,Dish,475,525,Late_Antiquity
602,Hayes103B,ARSW,Dish,500,575,Late_Antiquity
603,Lamboglia35,ARSW,Cup,Not_Available,Not_Available,Late_Antiquity
604,Hayes_Style_Aiii,ARSW,Not_Available,350,450,Late_Antiquity
605,Hayes103,ARSW,Dish,500,575,Late_Antiquity
606,Hayes82,ARSW,Plate,430,500,Late_Antiquity
607,Hayes16_ES,Eastern_Sigillata,Dish,-27,14,Imperial
608,Consp2.2,Terra_Sigillata,Plate,-40,-10,Imperial
609,Schindler_Scheffenegger_Tav12b,Terra_Sigillata,Plate,-27,96,Imperial
610,Schindler_Scheffenegger_Tav19,Terra_Sigillata,Plate,Not_Available,Not_Available,Imperial
611,Consp52.2,Terra_Sigillata,Chalice,50,150,Imperial
612,Consp39/40,Terra_Sigillata,Cup,70,150,Imperial
613,Consp45,Terra_Sigillata,Cup,50,150,Imperial
614,Consp41,Terra_Sigillata,Cup,70,150,Imperial
615,Curle11,Terra_Sigillata,Cup,70,150,Imperial
616,Walters79/80,Terra_Sigillata,Dish,160,230,Imperial
617,Hayes174,ARSW,Jug,Not_Available,Not_Available,Late_Antiquity
618,Hayes80B,ARSW,Bowl,425,500,Late_Antiquity
619,Hayes93B,ARSW,Bowl,470,540,Late_Antiquity
620,Hayes99A,ARSW,Bowl,510,540,Late_Antiquity
621,Late_Piedmont_Sigillata,Terra_Sigillata,Not_Available,200,500,Late_Antiquity
622,Consp31/32,Terra_Sigillata,Cup,1,25,Imperial
623,Consp4/20,Terra_Sigillata,Plate,-40,54,Imperial
624,Consp11/12,Terra_Sigillata,Plate,-10,-1,Imperial
625,Consp20.4,Terra_Sigillata,Plate,1,30,Imperial
626,Consp39,Terra_Sigillata,Cup,70,150,Imperial
627,Consp50,Terra_Sigillata,Beaker,-27,37,Imperial
628,ConspB1.6-10,Terra_Sigillata,Platter,-27,-1,Imperial
629,ConspR11,Terra_Sigillata,Chalice,-10,14,Imperial
630,Consp41/45,Terra_Sigillata,Cup,70,150,Imperial
